Workbook

Sheet Start here
A1: Sourcing log
A3: One row per buy. Over a few months it shows which places and which kinds of item actually make you money.
A4: • Before you buy: check sold prices (not asking prices) and fill in Expected sale price and Fees and postage.
A5: • Expected profit and ROI work themselves out. ROI is profit divided by what you paid.
A6: • When it sells, fill in Actual sale price. The By source sheet then compares places side by side.
A7: How to judge a buy before you pay: see the 'Sourcing stock for resale in the UK' guide on The Sellers Network.
A9: Free from The Sellers Network, a forum for UK resellers. Not tax, legal or financial advice.

Sheet Log
A1: Date | B1: Source type | C1: Where exactly | D1: Item | E1: Paid | F1: Expected sale price | G1: Fees and postage | H1: Expected profit | I1: Expected ROI | J1: Actual sale price | K1: Actual profit | L1: Notes
H2: =IF(F2="","",F2-G2-E2) | I2: =IF(OR(F2="",E2="",E2=0),"",(F2-G2-E2)/E2) | K2: =IF(J2="","",J2-G2-E2)
H3: =IF(F3="","",F3-G3-E3) | I3: =IF(OR(F3="",E3="",E3=0),"",(F3-G3-E3)/E3) | K3: =IF(J3="","",J3-G3-E3)
H4: =IF(F4="","",F4-G4-E4) | I4: =IF(OR(F4="",E4="",E4=0),"",(F4-G4-E4)/E4) | K4: =IF(J4="","",J4-G4-E4)
H5: =IF(F5="","",F5-G5-E5) | I5: =IF(OR(F5="",E5="",E5=0),"",(F5-G5-E5)/E5) | K5: =IF(J5="","",J5-G5-E5)
H6: =IF(F6="","",F6-G6-E6) | I6: =IF(OR(F6="",E6="",E6=0),"",(F6-G6-E6)/E6) | K6: =IF(J6="","",J6-G6-E6)
H7: =IF(F7="","",F7-G7-E7) | I7: =IF(OR(F7="",E7="",E7=0),"",(F7-G7-E7)/E7) | K7: =IF(J7="","",J7-G7-E7)
H8: =IF(F8="","",F8-G8-E8) | I8: =IF(OR(F8="",E8="",E8=0),"",(F8-G8-E8)/E8) | K8: =IF(J8="","",J8-G8-E8)
H9: =IF(F9="","",F9-G9-E9) | I9: =IF(OR(F9="",E9="",E9=0),"",(F9-G9-E9)/E9) | K9: =IF(J9="","",J9-G9-E9)
H10: =IF(F10="","",F10-G10-E10) | I10: =IF(OR(F10="",E10="",E10=0),"",(F10-G10-E10)/E10) | K10: =IF(J10="","",J10-G10-E10)
H11: =IF(F11="","",F11-G11-E11) | I11: =IF(OR(F11="",E11="",E11=0),"",(F11-G11-E11)/E11) | K11: =IF(J11="","",J11-G11-E11)
H12: =IF(F12="","",F12-G12-E12) | I12: =IF(OR(F12="",E12="",E12=0),"",(F12-G12-E12)/E12) | K12: =IF(J12="","",J12-G12-E12)
H13: =IF(F13="","",F13-G13-E13) | I13: =IF(OR(F13="",E13="",E13=0),"",(F13-G13-E13)/E13) | K13: =IF(J13="","",J13-G13-E13)
... H501: =IF(F501="","",F501-G501-E501) | I501: =IF(OR(F501="",E501="",E501=0),"",(F501-G501-E501)/E501) | K501: =IF(J501="","",J501-G501-E501)

Sheet By source
A1: Source type | B1: Buys | C1: Spent | D1: Sold so far | E1: Actual profit | F1: Profit per £1 spent (sold items)
A2: Car boot | B2: =COUNTIF(Log!B:B,A2) | C2: =SUMIF(Log!B:B,A2,Log!E:E) | D2: =COUNTIFS(Log!B:B,A2,Log!J:J,"<>") | E2: =SUMIF(Log!B:B,A2,Log!K:K) | F2: =IFERROR(E2/SUMIFS(Log!E:E,Log!B:B,A2,Log!J:J,"<>"),"")
A3: Charity shop | B3: =COUNTIF(Log!B:B,A3) | C3: =SUMIF(Log!B:B,A3,Log!E:E) | D3: =COUNTIFS(Log!B:B,A3,Log!J:J,"<>") | E3: =SUMIF(Log!B:B,A3,Log!K:K) | F3: =IFERROR(E3/SUMIFS(Log!E:E,Log!B:B,A3,Log!J:J,"<>"),"")
A4: Clearance | B4: =COUNTIF(Log!B:B,A4) | C4: =SUMIF(Log!B:B,A4,Log!E:E) | D4: =COUNTIFS(Log!B:B,A4,Log!J:J,"<>") | E4: =SUMIF(Log!B:B,A4,Log!K:K) | F4: =IFERROR(E4/SUMIFS(Log!E:E,Log!B:B,A4,Log!J:J,"<>"),"")
A5: Online shop | B5: =COUNTIF(Log!B:B,A5) | C5: =SUMIF(Log!B:B,A5,Log!E:E) | D5: =COUNTIFS(Log!B:B,A5,Log!J:J,"<>") | E5: =SUMIF(Log!B:B,A5,Log!K:K) | F5: =IFERROR(E5/SUMIFS(Log!E:E,Log!B:B,A5,Log!J:J,"<>"),"")
A6: Auction | B6: =COUNTIF(Log!B:B,A6) | C6: =SUMIF(Log!B:B,A6,Log!E:E) | D6: =COUNTIFS(Log!B:B,A6,Log!J:J,"<>") | E6: =SUMIF(Log!B:B,A6,Log!K:K) | F6: =IFERROR(E6/SUMIFS(Log!E:E,Log!B:B,A6,Log!J:J,"<>"),"")
A7: Wholesale | B7: =COUNTIF(Log!B:B,A7) | C7: =SUMIF(Log!B:B,A7,Log!E:E) | D7: =COUNTIFS(Log!B:B,A7,Log!J:J,"<>") | E7: =SUMIF(Log!B:B,A7,Log!K:K) | F7: =IFERROR(E7/SUMIFS(Log!E:E,Log!B:B,A7,Log!J:J,"<>"),"")
A8: Facebook | B8: =COUNTIF(Log!B:B,A8) | C8: =SUMIF(Log!B:B,A8,Log!E:E) | D8: =COUNTIFS(Log!B:B,A8,Log!J:J,"<>") | E8: =SUMIF(Log!B:B,A8,Log!K:K) | F8: =IFERROR(E8/SUMIFS(Log!E:E,Log!B:B,A8,Log!J:J,"<>"),"")
A9: Other | B9: =COUNTIF(Log!B:B,A9) | C9: =SUMIF(Log!B:B,A9,Log!E:E) | D9: =COUNTIFS(Log!B:B,A9,Log!J:J,"<>") | E9: =SUMIF(Log!B:B,A9,Log!K:K) | F9: =IFERROR(E9/SUMIFS(Log!E:E,Log!B:B,A9,Log!J:J,"<>"),"")
